{"cameraMode":{"drawMode":0,"name":"Shaded","section":"Shading Mode"},"sceneLighting":true,"audioPlay":false,"sceneViewState":{"showFog":false,"showMaterialUpdate":true,"showSkybox":true,"showFlares":false,"showImageEffects":true,"showParticleSystems":true},"in2DMode":false,"pivot":{"x":24.082887649536134,"y":2.6324148178100588,"z":28.368478775024415},"rotation":{"x":0.18275466561317445,"y":-0.15094752609729768,"z":0.028379816561937333,"w":0.9711187481880188},"size":4.774335861206055,"orthographic":false}